PHOTONS,Mphotons/seg
134217728,82.411374
1073741824,82.300421
17179869184,82.394787
