PHOTONS,Mphotons/seg
134217728,82.300421
1073741824,83.560759
17179869184,84.741091
