PHOTONS,Kphotons/seg
65536,597.851795
131072,581.029126
262144,574.500708
524288,565.424868
1048576,561.653890
2097152,552.442896
4194304,544.235093
8388608,499.385768
16777216,518.950889
33554432,515.871322
