PHOTONS,Kphotons/seg
65536,601.873220
131072,589.320430
262144,580.087425
524288,574.040002
1048576,568.945198
2097152,560.883747
4194304,551.149119
8388608,537.997344
16777216,523.541066
33554432,515.695179
