PHOTONS,Kphotons/seg
65536,345.032720
131072,333.460194
262144,310.869086
524288,330.687350
1048576,325.721773
2097152,314.557441
4194304,307.949186
8388608,310.779110
16777216,311.856617
33554432,307.796082
