PHOTONS,Kphotons/seg
65536,280.204025
131072,279.329299
262144,275.318416
524288,264.729247
1048576,217.488723
2097152,265.088711
4194304,266.049326
8388608,261.004971
16777216,262.648971
33554432,261.084301
