PHOTONS,Kphotons/seg
65536,374.909855
131072,373.865538
262144,364.722087
524288,364.474482
1048576,363.364407
2097152,355.602525
4194304,344.645105
8388608,335.714800
16777216,328.430465
