PHOTONS,Kphotons/seg
65536,242.290825
131072,237.892399
262144,243.359453
524288,241.192976
1048576,248.453665
2097152,245.328407
4194304,249.411248
8388608,233.259973
16777216,232.695094
33554432,229.808534
