PHOTONS,Kphotons/seg
65536,313.409756
131072,312.861837
262144,299.927884
