THREADS,Mphotons/seg
4,7.832625
16,30.333589
32,59.541240
